65,5.8,5.9,6.2,6.3,6.3,8.9,8.9,9.7,"INSERT INTO `tbl_weight_for_length_2`(`length`, `severely_wasted`, `wasted_from`, `wasted_to`, `normal_from`, `normal_to`, `overweight_from`, `overweight_to`, `obese`) VALUES ('65.5','5.9','6','6.3','6.4','8.9','9','9.8','9.8');"
65.5,5.9,6,6.3,6.4,8.9,9,9.8,9.8,"INSERT INTO `tbl_weight_for_length_2`(`length`, `severely_wasted`, `wasted_from`, `wasted_to`, `normal_from`, `normal_to`, `overweight_from`, `overweight_to`, `obese`) VALUES ('66','6','6.1','6.4','6.5','9.1','9.2','9.9','10');"
66,6,6.1,6.4,6.5,9.1,9.2,9.9,10,"INSERT INTO `tbl_weight_for_length_2`(`length`, `severely_wasted`, `wasted_from`, `wasted_to`, `normal_from`, `normal_to`, `overweight_from`, `overweight_to`, `obese`) VALUES ('66.5','6','6.1','6.5','6.6','9.2','9.3','10.1','10.2');"
66.5,6,6.1,6.5,6.6,9.2,9.3,10.1,10.2,"INSERT INTO `tbl_weight_for_length_2`(`length`, `severely_wasted`, `wasted_from`, `wasted_to`, `normal_from`, `normal_to`, `overweight_from`, `overweight_to`, `obese`) VALUES ('67','6.1','6.2','6.6','6.7','9.4','9.5','10.2','10.3');"
67,6.1,6.2,6.6,6.7,9.4,9.5,10.2,10.3,"INSERT INTO `tbl_weight_for_length_2`(`length`, `severely_wasted`, `wasted_from`, `wasted_to`, `normal_from`, `normal_to`, `overweight_from`, `overweight_to`, `obese`) VALUES ('67.5','6.2','6.3','6.7','6.8','9.5','9.6','10.4','10.5');"
67.5,6.2,6.3,6.7,6.8,9.5,9.6,10.4,10.5,"INSERT INTO `tbl_weight_for_length_2`(`length`, `severely_wasted`, `wasted_from`, `wasted_to`, `normal_from`, `normal_to`, `overweight_from`, `overweight_to`, `obese`) VALUES ('68','6.3','6.4','6.8','6.9','9.6','9.7','10.5','10.6');"
68,6.3,6.4,6.8,6.9,9.6,9.7,10.5,10.6,"INSERT INTO `tbl_weight_for_length_2`(`length`, `severely_wasted`, `wasted_from`, `wasted_to`, `normal_from`, `normal_to`, `overweight_from`, `overweight_to`, `obese`) VALUES ('68.5','6.4','6.5','6.9','7','9.8','9.9','10.7','10.8');"
68.5,6.4,6.5,6.9,7,9.8,9.9,10.7,10.8,"INSERT INTO `tbl_weight_for_length_2`(`length`, `severely_wasted`, `wasted_from`, `wasted_to`, `normal_from`, `normal_to`, `overweight_from`, `overweight_to`, `obese`) VALUES ('69','6.5','6.6','7','7.1','9.9','10','10.8','10.9');"
69,6.5,6.6,7,7.1,9.9,10,10.8,10.9,"INSERT INTO `tbl_weight_for_length_2`(`length`, `severely_wasted`, `wasted_from`, `wasted_to`, `normal_from`, `normal_to`, `overweight_from`, `overweight_to`, `obese`) VALUES ('69.5','6.6','6.7','7.1','7.2','10','10.1','11','11.1');"
69.5,6.6,6.7,7.1,7.2,10,10.1,11,11.1,"INSERT INTO `tbl_weight_for_length_2`(`length`, `severely_wasted`, `wasted_from`, `wasted_to`, `normal_from`, `normal_to`, `overweight_from`, `overweight_to`, `obese`) VALUES ('70','6.7','6.8','7.2','7.3','10.2','10.3','11.1','11.2');"
70,6.7,6.8,7.2,7.3,10.2,10.3,11.1,11.2,"INSERT INTO `tbl_weight_for_length_2`(`length`, `severely_wasted`, `wasted_from`, `wasted_to`, `normal_from`, `normal_to`, `overweight_from`, `overweight_to`, `obese`) VALUES ('70.5','6.8','6.9','7.3','7.4','10.3','10.4','11.3','11.4');"
70.5,6.8,6.9,7.3,7.4,10.3,10.4,11.3,11.4,"INSERT INTO `tbl_weight_for_length_2`(`length`, `severely_wasted`, `wasted_from`, `wasted_to`, `normal_from`, `normal_to`, `overweight_from`, `overweight_to`, `obese`) VALUES ('71','6.8','6.9','7.4','7.5','10.4','10.5','11.4','11.5');"
71,6.8,6.9,7.4,7.5,10.4,10.5,11.4,11.5,"INSERT INTO `tbl_weight_for_length_2`(`length`, `severely_wasted`, `wasted_from`, `wasted_to`, `normal_from`, `normal_to`, `overweight_from`, `overweight_to`, `obese`) VALUES ('71.5','6.9','7','7.5','7.6','10.6','10.7','11.6','11.7');"
71.5,6.9,7,7.5,7.6,10.6,10.7,11.6,11.7,"INSERT INTO `tbl_weight_for_length_2`(`length`, `severely_wasted`, `wasted_from`, `wasted_to`, `normal_from`, `normal_to`, `overweight_from`, `overweight_to`, `obese`) VALUES ('72','7','7.1','7.6','7.7','10.7','10.8','11.7','11.8');"
72,7,7.1,7.6,7.7,10.7,10.8,11.7,11.8,"INSERT INTO `tbl_weight_for_length_2`(`length`, `severely_wasted`, `wasted_from`, `wasted_to`, `normal_from`, `normal_to`, `overweight_from`, `overweight_to`, `obese`) VALUES ('72.5','7.1','7.2','7.7','7.8','10.8','10.9','11.8','11.9');"
72.5,7.1,7.2,7.7,7.8,10.8,10.9,11.8,11.9,"INSERT INTO `tbl_weight_for_length_2`(`length`, `severely_wasted`, `wasted_from`, `wasted_to`, `normal_from`, `normal_to`, `overweight_from`, `overweight_to`, `obese`) VALUES ('73','7.2','7.3','7.8','7.9','11','11.1','12','12.1');"
73,7.2,7.3,7.8,7.9,11,11.1,12,12.1,"INSERT INTO `tbl_weight_for_length_2`(`length`, `severely_wasted`, `wasted_from`, `wasted_to`, `normal_from`, `normal_to`, `overweight_from`, `overweight_to`, `obese`) VALUES ('73.5','7.3','7.4','7.8','7.9','11.1','11.2','12.1','12.2');"
73.5,7.3,7.4,7.8,7.9,11.1,11.2,12.1,12.2,"INSERT INTO `tbl_weight_for_length_2`(`length`, `severely_wasted`, `wasted_from`, `wasted_to`, `normal_from`, `normal_to`, `overweight_from`, `overweight_to`, `obese`) VALUES ('74','7.3','7.4','7.9','8','11.2','11.3','12.2','12.3');"
74,7.3,7.4,7.9,8,11.2,11.3,12.2,12.3,"INSERT INTO `tbl_weight_for_length_2`(`length`, `severely_wasted`, `wasted_from`, `wasted_to`, `normal_from`, `normal_to`, `overweight_from`, `overweight_to`, `obese`) VALUES ('74.5','7.4','7.5','8','8.1','11.3','11.4','12.4','12.5');"
74.5,7.4,7.5,8,8.1,11.3,11.4,12.4,12.5,"INSERT INTO `tbl_weight_for_length_2`(`length`, `severely_wasted`, `wasted_from`, `wasted_to`, `normal_from`, `normal_to`, `overweight_from`, `overweight_to`, `obese`) VALUES ('75','7.5','7.6','8.1','8.2','11.4','11.5','12.5','12.6');"
75,7.5,7.6,8.1,8.2,11.4,11.5,12.5,12.6,"INSERT INTO `tbl_weight_for_length_2`(`length`, `severely_wasted`, `wasted_from`, `wasted_to`, `normal_from`, `normal_to`, `overweight_from`, `overweight_to`, `obese`) VALUES ('75.5','7.6','7.7','8.2','8.3','11.6','11.7','12.6','12.7');"
75.5,7.6,7.7,8.2,8.3,11.6,11.7,12.6,12.7,"INSERT INTO `tbl_weight_for_length_2`(`length`, `severely_wasted`, `wasted_from`, `wasted_to`, `normal_from`, `normal_to`, `overweight_from`, `overweight_to`, `obese`) VALUES ('76','7.6','7.7','8.3','8.4','11.7','11.8','12.8','12.9');"
76,7.6,7.7,8.3,8.4,11.7,11.8,12.8,12.9,"INSERT INTO `tbl_weight_for_length_2`(`length`, `severely_wasted`, `wasted_from`, `wasted_to`, `normal_from`, `normal_to`, `overweight_from`, `overweight_to`, `obese`) VALUES ('76.5','7.7','7.8','8.4','8.5','11.8','11.9','12.9','13');"
76.5,7.7,7.8,8.4,8.5,11.8,11.9,12.9,13,"INSERT INTO `tbl_weight_for_length_2`(`length`, `severely_wasted`, `wasted_from`, `wasted_to`, `normal_from`, `normal_to`, `overweight_from`, `overweight_to`, `obese`) VALUES ('77','7.8','7.9','8.4','8.5','11.9','12','13','13.1');"
77,7.8,7.9,8.4,8.5,11.9,12,13,13.1,"INSERT INTO `tbl_weight_for_length_2`(`length`, `severely_wasted`, `wasted_from`, `wasted_to`, `normal_from`, `normal_to`, `overweight_from`, `overweight_to`, `obese`) VALUES ('77.5','7.9','8','8.5','8.6','12','12.1','13.1','13.2');"
77.5,7.9,8,8.5,8.6,12,12.1,13.1,13.2,"INSERT INTO `tbl_weight_for_length_2`(`length`, `severely_wasted`, `wasted_from`, `wasted_to`, `normal_from`, `normal_to`, `overweight_from`, `overweight_to`, `obese`) VALUES ('78','7.9','8','8.6','8.7','12.1','12.2','13.3','13.4');"
78,7.9,8,8.6,8.7,12.1,12.2,13.3,13.4,"INSERT INTO `tbl_weight_for_length_2`(`length`, `severely_wasted`, `wasted_from`, `wasted_to`, `normal_from`, `normal_to`, `overweight_from`, `overweight_to`, `obese`) VALUES ('78.5','8','8.1','8.7','8.8','12.2','12.3','13.4','13.5');"
78.5,8,8.1,8.7,8.8,12.2,12.3,13.4,13.5,"INSERT INTO `tbl_weight_for_length_2`(`length`, `severely_wasted`, `wasted_from`, `wasted_to`, `normal_from`, `normal_to`, `overweight_from`, `overweight_to`, `obese`) VALUES ('79','8.1','8.2','8.7','8.8','12.3','12.4','13.5','13.6');"
79,8.1,8.2,8.7,8.8,12.3,12.4,13.5,13.6,"INSERT INTO `tbl_weight_for_length_2`(`length`, `severely_wasted`, `wasted_from`, `wasted_to`, `normal_from`, `normal_to`, `overweight_from`, `overweight_to`, `obese`) VALUES ('79.5','8.2','8.3','8.8','8.9','12.4','12.5','13.6','13.7');"
79.5,8.2,8.3,8.8,8.9,12.4,12.5,13.6,13.7,"INSERT INTO `tbl_weight_for_length_2`(`length`, `severely_wasted`, `wasted_from`, `wasted_to`, `normal_from`, `normal_to`, `overweight_from`, `overweight_to`, `obese`) VALUES ('80','8.2','8.3','8.9','9','12.6','12.7','13.7','13.8');"
80,8.2,8.3,8.9,9,12.6,12.7,13.7,13.8,"INSERT INTO `tbl_weight_for_length_2`(`length`, `severely_wasted`, `wasted_from`, `wasted_to`, `normal_from`, `normal_to`, `overweight_from`, `overweight_to`, `obese`) VALUES ('80.5','8.3','8.4','9','9.1','12.7','12.8','13.8','13.9');"
80.5,8.3,8.4,9,9.1,12.7,12.8,13.8,13.9,"INSERT INTO `tbl_weight_for_length_2`(`length`, `severely_wasted`, `wasted_from`, `wasted_to`, `normal_from`, `normal_to`, `overweight_from`, `overweight_to`, `obese`) VALUES ('81','8.4','8.5','9.1','9.2','12.8','12.9','14','14.1');"
81,8.4,8.5,9.1,9.2,12.8,12.9,14,14.1,"INSERT INTO `tbl_weight_for_length_2`(`length`, `severely_wasted`, `wasted_from`, `wasted_to`, `normal_from`, `normal_to`, `overweight_from`, `overweight_to`, `obese`) VALUES ('81.5','8.5','8.6','9.2','9.3','12.9','13','14.1','14.2');"
81.5,8.5,8.6,9.2,9.3,12.9,13,14.1,14.2,"INSERT INTO `tbl_weight_for_length_2`(`length`, `severely_wasted`, `wasted_from`, `wasted_to`, `normal_from`, `normal_to`, `overweight_from`, `overweight_to`, `obese`) VALUES ('82','8.6','8.7','9.2','9.3','13','13.1','14.2','14.3');"
82,8.6,8.7,9.2,9.3,13,13.1,14.2,14.3,"INSERT INTO `tbl_weight_for_length_2`(`length`, `severely_wasted`, `wasted_from`, `wasted_to`, `normal_from`, `normal_to`, `overweight_from`, `overweight_to`, `obese`) VALUES ('82.5','8.6','8.7','9.3','9.4','13.1','13.2','14.4','14.5');"
82.5,8.6,8.7,9.3,9.4,13.1,13.2,14.4,14.5,"INSERT INTO `tbl_weight_for_length_2`(`length`, `severely_wasted`, `wasted_from`, `wasted_to`, `normal_from`, `normal_to`, `overweight_from`, `overweight_to`, `obese`) VALUES ('83','8.7','8.8','9.4','9.5','13.3','13.4','14.5','14.6');"
83,8.7,8.8,9.4,9.5,13.3,13.4,14.5,14.6,"INSERT INTO `tbl_weight_for_length_2`(`length`, `severely_wasted`, `wasted_from`, `wasted_to`, `normal_from`, `normal_to`, `overweight_from`, `overweight_to`, `obese`) VALUES ('83.5','8.8','8.9','9.5','9.6','13.4','13.5','14.6','14.7');"
83.5,8.8,8.9,9.5,9.6,13.4,13.5,14.6,14.7,"INSERT INTO `tbl_weight_for_length_2`(`length`, `severely_wasted`, `wasted_from`, `wasted_to`, `normal_from`, `normal_to`, `overweight_from`, `overweight_to`, `obese`) VALUES ('84','8.9','9','9.6','9.7','13.5','13.6','14.8','14.9');"
84,8.9,9,9.6,9.7,13.5,13.6,14.8,14.9,"INSERT INTO `tbl_weight_for_length_2`(`length`, `severely_wasted`, `wasted_from`, `wasted_to`, `normal_from`, `normal_to`, `overweight_from`, `overweight_to`, `obese`) VALUES ('84.5','9','9.1','9.8','9.9','13.7','13.8','14.9','15');"
84.5,9,9.1,9.8,9.9,13.7,13.8,14.9,15,"INSERT INTO `tbl_weight_for_length_2`(`length`, `severely_wasted`, `wasted_from`, `wasted_to`, `normal_from`, `normal_to`, `overweight_from`, `overweight_to`, `obese`) VALUES ('85','9.1','9.2','9.9','10','13.8','13.9','15.1','15.2');"
85,9.1,9.2,9.9,10,13.8,13.9,15.1,15.2,"INSERT INTO `tbl_weight_for_length_2`(`length`, `severely_wasted`, `wasted_from`, `wasted_to`, `normal_from`, `normal_to`, `overweight_from`, `overweight_to`, `obese`) VALUES ('85.5','9.2','9.3','10','10.1','13.9','14','15.2','15.3');"
85.5,9.2,9.3,10,10.1,13.9,14,15.2,15.3,"INSERT INTO `tbl_weight_for_length_2`(`length`, `severely_wasted`, `wasted_from`, `wasted_to`, `normal_from`, `normal_to`, `overweight_from`, `overweight_to`, `obese`) VALUES ('86','9.3','9.4','10.1','10.2','14.1','14.2','15.4','15.5');"
86,9.3,9.4,10.1,10.2,14.1,14.2,15.4,15.5,"INSERT INTO `tbl_weight_for_length_2`(`length`, `severely_wasted`, `wasted_from`, `wasted_to`, `normal_from`, `normal_to`, `overweight_from`, `overweight_to`, `obese`) VALUES ('86.5','9.4','9.5','10.2','10.3','14.2','14.3','15.5','15.6');"
86.5,9.4,9.5,10.2,10.3,14.2,14.3,15.5,15.6,"INSERT INTO `tbl_weight_for_length_2`(`length`, `severely_wasted`, `wasted_from`, `wasted_to`, `normal_from`, `normal_to`, `overweight_from`, `overweight_to`, `obese`) VALUES ('87','9.5','9.6','10.3','10.4','14.4','14.5','15.7','15.8');"
87,9.5,9.6,10.3,10.4,14.4,14.5,15.7,15.8,"INSERT INTO `tbl_weight_for_length_2`(`length`, `severely_wasted`, `wasted_from`, `wasted_to`, `normal_from`, `normal_to`, `overweight_from`, `overweight_to`, `obese`) VALUES ('87.5','9.6','9.7','10.4','10.5','14.5','14.6','15.8','15.9');"
87.5,9.6,9.7,10.4,10.5,14.5,14.6,15.8,15.9,"INSERT INTO `tbl_weight_for_length_2`(`length`, `severely_wasted`, `wasted_from`, `wasted_to`, `normal_from`, `normal_to`, `overweight_from`, `overweight_to`, `obese`) VALUES ('88','9.7','9.8','10.5','10.6','14.7','14.8','16','16.1');"
88,9.7,9.8,10.5,10.6,14.7,14.8,16,16.1,"INSERT INTO `tbl_weight_for_length_2`(`length`, `severely_wasted`, `wasted_from`, `wasted_to`, `normal_from`, `normal_to`, `overweight_from`, `overweight_to`, `obese`) VALUES ('88.5','9.8','9.9','10.6','10.7','14.8','14.9','16.1','16.2');"
88.5,9.8,9.9,10.6,10.7,14.8,14.9,16.1,16.2,"INSERT INTO `tbl_weight_for_length_2`(`length`, `severely_wasted`, `wasted_from`, `wasted_to`, `normal_from`, `normal_to`, `overweight_from`, `overweight_to`, `obese`) VALUES ('89','9.9','10','10.7','10.8','14.9','15','16.3','16.4');"
89,9.9,10,10.7,10.8,14.9,15,16.3,16.4,"INSERT INTO `tbl_weight_for_length_2`(`length`, `severely_wasted`, `wasted_from`, `wasted_to`, `normal_from`, `normal_to`, `overweight_from`, `overweight_to`, `obese`) VALUES ('89.5','10','10.1','10.8','10.9','15.1','15.2','16.4','16.5');"
89.5,10,10.1,10.8,10.9,15.1,15.2,16.4,16.5,"INSERT INTO `tbl_weight_for_length_2`(`length`, `severely_wasted`, `wasted_from`, `wasted_to`, `normal_from`, `normal_to`, `overweight_from`, `overweight_to`, `obese`) VALUES ('90','10.1','10.2','10.9','11','15.2','15.3','16.6','16.7');"
90,10.1,10.2,10.9,11,15.2,15.3,16.6,16.7,"INSERT INTO `tbl_weight_for_length_2`(`length`, `severely_wasted`, `wasted_from`, `wasted_to`, `normal_from`, `normal_to`, `overweight_from`, `overweight_to`, `obese`) VALUES ('90.5','10.2','10.3','11','11.1','15.3','15.4','16.7','16.8');"
90.5,10.2,10.3,11,11.1,15.3,15.4,16.7,16.8,"INSERT INTO `tbl_weight_for_length_2`(`length`, `severely_wasted`, `wasted_from`, `wasted_to`, `normal_from`, `normal_to`, `overweight_from`, `overweight_to`, `obese`) VALUES ('91','10.3','10.4','11.1','11.2','15.5','15.6','16.9','17');"
91,10.3,10.4,11.1,11.2,15.5,15.6,16.9,17,"INSERT INTO `tbl_weight_for_length_2`(`length`, `severely_wasted`, `wasted_from`, `wasted_to`, `normal_from`, `normal_to`, `overweight_from`, `overweight_to`, `obese`) VALUES ('91.5','10.4','10.5','11.2','11.3','15.6','15.7','17','17.1');"
91.5,10.4,10.5,11.2,11.3,15.6,15.7,17,17.1,"INSERT INTO `tbl_weight_for_length_2`(`length`, `severely_wasted`, `wasted_from`, `wasted_to`, `normal_from`, `normal_to`, `overweight_from`, `overweight_to`, `obese`) VALUES ('92','10.5','10.6','11.3','11.4','15.8','15.9','17.2','17.3');"
92,10.5,10.6,11.3,11.4,15.8,15.9,17.2,17.3,"INSERT INTO `tbl_weight_for_length_2`(`length`, `severely_wasted`, `wasted_from`, `wasted_to`, `normal_from`, `normal_to`, `overweight_from`, `overweight_to`, `obese`) VALUES ('92.5','10.6','10.7','11.4','11.5','15.9','16','17.3','17.4');"
92.5,10.6,10.7,11.4,11.5,15.9,16,17.3,17.4,"INSERT INTO `tbl_weight_for_length_2`(`length`, `severely_wasted`, `wasted_from`, `wasted_to`, `normal_from`, `normal_to`, `overweight_from`, `overweight_to`, `obese`) VALUES ('93','10.7','10.8','11.5','11.6','16','16.1','17.5','17.6');"
93,10.7,10.8,11.5,11.6,16,16.1,17.5,17.6,"INSERT INTO `tbl_weight_for_length_2`(`length`, `severely_wasted`, `wasted_from`, `wasted_to`, `normal_from`, `normal_to`, `overweight_from`, `overweight_to`, `obese`) VALUES ('93.5','10.8','10.9','11.6','11.7','16.2','16.3','17.6','17.7');"
93.5,10.8,10.9,11.6,11.7,16.2,16.3,17.6,17.7,"INSERT INTO `tbl_weight_for_length_2`(`length`, `severely_wasted`, `wasted_from`, `wasted_to`, `normal_from`, `normal_to`, `overweight_from`, `overweight_to`, `obese`) VALUES ('94','10.9','11','11.7','11.8','16.3','16.4','17.8','17.9');"
94,10.9,11,11.7,11.8,16.3,16.4,17.8,17.9,"INSERT INTO `tbl_weight_for_length_2`(`length`, `severely_wasted`, `wasted_from`, `wasted_to`, `normal_from`, `normal_to`, `overweight_from`, `overweight_to`, `obese`) VALUES ('94.5','11','11.1','11.8','11.9','16.5','16.6','17.9','18');"
94.5,11,11.1,11.8,11.9,16.5,16.6,17.9,18,"INSERT INTO `tbl_weight_for_length_2`(`length`, `severely_wasted`, `wasted_from`, `wasted_to`, `normal_from`, `normal_to`, `overweight_from`, `overweight_to`, `obese`) VALUES ('95','11','11.1','11.9','12','16.6','16.7','18.1','18.2');"
95,11,11.1,11.9,12,16.6,16.7,18.1,18.2,"INSERT INTO `tbl_weight_for_length_2`(`length`, `severely_wasted`, `wasted_from`, `wasted_to`, `normal_from`, `normal_to`, `overweight_from`, `overweight_to`, `obese`) VALUES ('95.5','11.1','11.2','12','12.1','16.7','16.8','18.3','18.4');"
95.5,11.1,11.2,12,12.1,16.7,16.8,18.3,18.4,"INSERT INTO `tbl_weight_for_length_2`(`length`, `severely_wasted`, `wasted_from`, `wasted_to`, `normal_from`, `normal_to`, `overweight_from`, `overweight_to`, `obese`) VALUES ('96','11.2','11.3','12.1','12.2','16.9','17','18.4','18.5');"
96,11.2,11.3,12.1,12.2,16.9,17,18.4,18.5,"INSERT INTO `tbl_weight_for_length_2`(`length`, `severely_wasted`, `wasted_from`, `wasted_to`, `normal_from`, `normal_to`, `overweight_from`, `overweight_to`, `obese`) VALUES ('96.5','11.3','11.4','12.2','12.3','17','17.1','18.6','18.7');"
96.5,11.3,11.4,12.2,12.3,17,17.1,18.6,18.7,"INSERT INTO `tbl_weight_for_length_2`(`length`, `severely_wasted`, `wasted_from`, `wasted_to`, `normal_from`, `normal_to`, `overweight_from`, `overweight_to`, `obese`) VALUES ('97','11.4','11.5','12.3','12.4','17.2','17.3','18.8','18.9');"
97,11.4,11.5,12.3,12.4,17.2,17.3,18.8,18.9,"INSERT INTO `tbl_weight_for_length_2`(`length`, `severely_wasted`, `wasted_from`, `wasted_to`, `normal_from`, `normal_to`, `overweight_from`, `overweight_to`, `obese`) VALUES ('97.5','11.5','11.6','12.4','12.5','17.4','17.5','18.9','19');"
97.5,11.5,11.6,12.4,12.5,17.4,17.5,18.9,19,"INSERT INTO `tbl_weight_for_length_2`(`length`, `severely_wasted`, `wasted_from`, `wasted_to`, `normal_from`, `normal_to`, `overweight_from`, `overweight_to`, `obese`) VALUES ('98','11.6','11.7','12.5','12.6','17.5','17.6','19.1','19.2');"
98,11.6,11.7,12.5,12.6,17.5,17.6,19.1,19.2,"INSERT INTO `tbl_weight_for_length_2`(`length`, `severely_wasted`, `wasted_from`, `wasted_to`, `normal_from`, `normal_to`, `overweight_from`, `overweight_to`, `obese`) VALUES ('98.5','11.7','11.8','12.7','12.8','17.7','17.8','19.3','19.4');"
98.5,11.7,11.8,12.7,12.8,17.7,17.8,19.3,19.4,"INSERT INTO `tbl_weight_for_length_2`(`length`, `severely_wasted`, `wasted_from`, `wasted_to`, `normal_from`, `normal_to`, `overweight_from`, `overweight_to`, `obese`) VALUES ('99','11.8','11.9','12.8','12.9','17.9','18','19.5','19.6');"
99,11.8,11.9,12.8,12.9,17.9,18,19.5,19.6,"INSERT INTO `tbl_weight_for_length_2`(`length`, `severely_wasted`, `wasted_from`, `wasted_to`, `normal_from`, `normal_to`, `overweight_from`, `overweight_to`, `obese`) VALUES ('99.5','11.9','12','12.9','13','18','18.1','19.7','19.8');"
99.5,11.9,12,12.9,13,18,18.1,19.7,19.8,"INSERT INTO `tbl_weight_for_length_2`(`length`, `severely_wasted`, `wasted_from`, `wasted_to`, `normal_from`, `normal_to`, `overweight_from`, `overweight_to`, `obese`) VALUES ('100','12','12.1','13','13.1','18.2','18.3','19.9','20');"
100,12,12.1,13,13.1,18.2,18.3,19.9,20,"INSERT INTO `tbl_weight_for_length_2`(`length`, `severely_wasted`, `wasted_from`, `wasted_to`, `normal_from`, `normal_to`, `overweight_from`, `overweight_to`, `obese`) VALUES ('100.5','12.1','12.2','13.1','13.2','18.4','18.5','20.1','20.2');"
100.5,12.1,12.2,13.1,13.2,18.4,18.5,20.1,20.2,"INSERT INTO `tbl_weight_for_length_2`(`length`, `severely_wasted`, `wasted_from`, `wasted_to`, `normal_from`, `normal_to`, `overweight_from`, `overweight_to`, `obese`) VALUES ('101','12.2','12.3','13.2','13.3','18.5','18.6','20.3','20.4');"
101,12.2,12.3,13.2,13.3,18.5,18.6,20.3,20.4,"INSERT INTO `tbl_weight_for_length_2`(`length`, `severely_wasted`, `wasted_from`, `wasted_to`, `normal_from`, `normal_to`, `overweight_from`, `overweight_to`, `obese`) VALUES ('101.5','12.3','12.4','13.3','13.4','18.7','18.8','20.5','20.6');"
101.5,12.3,12.4,13.3,13.4,18.7,18.8,20.5,20.6,"INSERT INTO `tbl_weight_for_length_2`(`length`, `severely_wasted`, `wasted_from`, `wasted_to`, `normal_from`, `normal_to`, `overweight_from`, `overweight_to`, `obese`) VALUES ('102','12.4','12.5','13.5','13.6','18.9','19','20.7','20.8');"
102,12.4,12.5,13.5,13.6,18.9,19,20.7,20.8,"INSERT INTO `tbl_weight_for_length_2`(`length`, `severely_wasted`, `wasted_from`, `wasted_to`, `normal_from`, `normal_to`, `overweight_from`, `overweight_to`, `obese`) VALUES ('102.5','12.5','12.6','13.6','13.7','19.1','19.2','20.9','21');"
102.5,12.5,12.6,13.6,13.7,19.1,19.2,20.9,21,"INSERT INTO `tbl_weight_for_length_2`(`length`, `severely_wasted`, `wasted_from`, `wasted_to`, `normal_from`, `normal_to`, `overweight_from`, `overweight_to`, `obese`) VALUES ('103','12.7','12.8','13.7','13.8','19.3','19.4','21.1','21.2');"
103,12.7,12.8,13.7,13.8,19.3,19.4,21.1,21.2,"INSERT INTO `tbl_weight_for_length_2`(`length`, `severely_wasted`, `wasted_from`, `wasted_to`, `normal_from`, `normal_to`, `overweight_from`, `overweight_to`, `obese`) VALUES ('103.5','12.8','12.9','13.8','13.9','19.5','19.6','21.3','21.4');"
103.5,12.8,12.9,13.8,13.9,19.5,19.6,21.3,21.4,"INSERT INTO `tbl_weight_for_length_2`(`length`, `severely_wasted`, `wasted_from`, `wasted_to`, `normal_from`, `normal_to`, `overweight_from`, `overweight_to`, `obese`) VALUES ('104','12.9','13','13.9','14','19.7','19.8','21.6','21.7');"
104,12.9,13,13.9,14,19.7,19.8,21.6,21.7,"INSERT INTO `tbl_weight_for_length_2`(`length`, `severely_wasted`, `wasted_from`, `wasted_to`, `normal_from`, `normal_to`, `overweight_from`, `overweight_to`, `obese`) VALUES ('104.5','13','13.1','14.1','14.2','19.9','20','21.8','21.9');"
104.5,13,13.1,14.1,14.2,19.9,20,21.8,21.9,"INSERT INTO `tbl_weight_for_length_2`(`length`, `severely_wasted`, `wasted_from`, `wasted_to`, `normal_from`, `normal_to`, `overweight_from`, `overweight_to`, `obese`) VALUES ('105','13.1','13.2','14.2','14.3','20.1','20.2','22','22.1');"
105,13.1,13.2,14.2,14.3,20.1,20.2,22,22.1,"INSERT INTO `tbl_weight_for_length_2`(`length`, `severely_wasted`, `wasted_from`, `wasted_to`, `normal_from`, `normal_to`, `overweight_from`, `overweight_to`, `obese`) VALUES ('105.5','13.2','13.3','14.3','14.4','20.3','20.4','22.2','22.3');"
105.5,13.2,13.3,14.3,14.4,20.3,20.4,22.2,22.3,"INSERT INTO `tbl_weight_for_length_2`(`length`, `severely_wasted`, `wasted_from`, `wasted_to`, `normal_from`, `normal_to`, `overweight_from`, `overweight_to`, `obese`) VALUES ('106','13.3','13.4','14.4','14.5','20.5','20.6','22.5','22.6');"
106,13.3,13.4,14.4,14.5,20.5,20.6,22.5,22.6,"INSERT INTO `tbl_weight_for_length_2`(`length`, `severely_wasted`, `wasted_from`, `wasted_to`, `normal_from`, `normal_to`, `overweight_from`, `overweight_to`, `obese`) VALUES ('106.5','13.4','13.5','14.6','14.7','20.7','20.8','22.7','22.8');"
106.5,13.4,13.5,14.6,14.7,20.7,20.8,22.7,22.8,"INSERT INTO `tbl_weight_for_length_2`(`length`, `severely_wasted`, `wasted_from`, `wasted_to`, `normal_from`, `normal_to`, `overweight_from`, `overweight_to`, `obese`) VALUES ('107','13.6','13.7','14.7','14.8','20.9','21','22.9','23');"
107,13.6,13.7,14.7,14.8,20.9,21,22.9,23,"INSERT INTO `tbl_weight_for_length_2`(`length`, `severely_wasted`, `wasted_from`, `wasted_to`, `normal_from`, `normal_to`, `overweight_from`, `overweight_to`, `obese`) VALUES ('107.5','13.7','13.8','14.8','14.9','21.1','21.2','23.2','23.3');"
107.5,13.7,13.8,14.8,14.9,21.1,21.2,23.2,23.3,"INSERT INTO `tbl_weight_for_length_2`(`length`, `severely_wasted`, `wasted_from`, `wasted_to`, `normal_from`, `normal_to`, `overweight_from`, `overweight_to`, `obese`) VALUES ('108','13.8','13.9','15','15.1','21.3','21.4','23.4','23.5');"
108,13.8,13.9,15,15.1,21.3,21.4,23.4,23.5,"INSERT INTO `tbl_weight_for_length_2`(`length`, `severely_wasted`, `wasted_from`, `wasted_to`, `normal_from`, `normal_to`, `overweight_from`, `overweight_to`, `obese`) VALUES ('108.5','13.9','14','15.1','15.2','21.5','21.6','23.7','23.8');"
108.5,13.9,14,15.1,15.2,21.5,21.6,23.7,23.8,"INSERT INTO `tbl_weight_for_length_2`(`length`, `severely_wasted`, `wasted_from`, `wasted_to`, `normal_from`, `normal_to`, `overweight_from`, `overweight_to`, `obese`) VALUES ('109','14','14.1','15.2','15.3','21.8','21.9','23.9','24');"
109,14,14.1,15.2,15.3,21.8,21.9,23.9,24,"INSERT INTO `tbl_weight_for_length_2`(`length`, `severely_wasted`, `wasted_from`, `wasted_to`, `normal_from`, `normal_to`, `overweight_from`, `overweight_to`, `obese`) VALUES ('109.5','14.2','14.3','15.4','15.5','22','22.1','24.2','24.3');"
109.5,14.2,14.3,15.4,15.5,22,22.1,24.2,24.3,"INSERT INTO `tbl_weight_for_length_2`(`length`, `severely_wasted`, `wasted_from`, `wasted_to`, `normal_from`, `normal_to`, `overweight_from`, `overweight_to`, `obese`) VALUES ('110','14.3','14.4','15.5','15.6','22.2','22.3','24.4','24.5');"
110,14.3,14.4,15.5,15.6,22.2,22.3,24.4,24.5,"INSERT INTO `tbl_weight_for_length_2`(`length`, `severely_wasted`, `wasted_from`, `wasted_to`, `normal_from`, `normal_to`, `overweight_from`, `overweight_to`, `obese`) VALUES ('110.5','14.4','14.5','15.7','15.8','22.4','22.5','24.7','24.8');"
110.5,14.4,14.5,15.7,15.8,22.4,22.5,24.7,24.8,"INSERT INTO `tbl_weight_for_length_2`(`length`, `severely_wasted`, `wasted_from`, `wasted_to`, `normal_from`, `normal_to`, `overweight_from`, `overweight_to`, `obese`) VALUES ('111','14.5','14.6','15.8','15.9','22.7','22.8','25','25.1');"
111,14.5,14.6,15.8,15.9,22.7,22.8,25,25.1,"INSERT INTO `tbl_weight_for_length_2`(`length`, `severely_wasted`, `wasted_from`, `wasted_to`, `normal_from`, `normal_to`, `overweight_from`, `overweight_to`, `obese`) VALUES ('111.5','14.7','14.8','15.9','16','22.9','23','25.2','25.3');"
111.5,14.7,14.8,15.9,16,22.9,23,25.2,25.3,"INSERT INTO `tbl_weight_for_length_2`(`length`, `severely_wasted`, `wasted_from`, `wasted_to`, `normal_from`, `normal_to`, `overweight_from`, `overweight_to`, `obese`) VALUES ('112','14.8','14.9','16.1','16.2','23.1','23.2','25.5','25.6');"
112,14.8,14.9,16.1,16.2,23.1,23.2,25.5,25.6,"INSERT INTO `tbl_weight_for_length_2`(`length`, `severely_wasted`, `wasted_from`, `wasted_to`, `normal_from`, `normal_to`, `overweight_from`, `overweight_to`, `obese`) VALUES ('112.5','14.9','15','16.2','16.3','23.4','23.5','25.8','25.9');"
112.5,14.9,15,16.2,16.3,23.4,23.5,25.8,25.9,"INSERT INTO `tbl_weight_for_length_2`(`length`, `severely_wasted`, `wasted_from`, `wasted_to`, `normal_from`, `normal_to`, `overweight_from`, `overweight_to`, `obese`) VALUES ('113','15.1','15.2','16.4','16.5','23.6','23.7','26','26.1');"
113,15.1,15.2,16.4,16.5,23.6,23.7,26,26.1,"INSERT INTO `tbl_weight_for_length_2`(`length`, `severely_wasted`, `wasted_from`, `wasted_to`, `normal_from`, `normal_to`, `overweight_from`, `overweight_to`, `obese`) VALUES ('113.5','15.2','15.3','16.5','16.6','23.9','24','26.3','26.4');"
113.5,15.2,15.3,16.5,16.6,23.9,24,26.3,26.4,"INSERT INTO `tbl_weight_for_length_2`(`length`, `severely_wasted`, `wasted_from`, `wasted_to`, `normal_from`, `normal_to`, `overweight_from`, `overweight_to`, `obese`) VALUES ('114','15.3','15.4','16.7','16.8','24.1','24.2','26.6','26.7');"
114,15.3,15.4,16.7,16.8,24.1,24.2,26.6,26.7,"INSERT INTO `tbl_weight_for_length_2`(`length`, `severely_wasted`, `wasted_from`, `wasted_to`, `normal_from`, `normal_to`, `overweight_from`, `overweight_to`, `obese`) VALUES ('114.5','15.5','15.6','16.8','16.9','24.4','24.5','26.9','27');"
114.5,15.5,15.6,16.8,16.9,24.4,24.5,26.9,27,"INSERT INTO `tbl_weight_for_length_2`(`length`, `severely_wasted`, `wasted_from`, `wasted_to`, `normal_from`, `normal_to`, `overweight_from`, `overweight_to`, `obese`) VALUES ('115','15.6','15.7','17','17.1','24.6','24.7','27.2','27.3');"
115,15.6,15.7,17,17.1,24.6,24.7,27.2,27.3,"INSERT INTO `tbl_weight_for_length_2`(`length`, `severely_wasted`, `wasted_from`, `wasted_to`, `normal_from`, `normal_to`, `overweight_from`, `overweight_to`, `obese`) VALUES ('115.5','15.7','15.8','17.1','17.2','24.9','25','27.5','27.6');"
115.5,15.7,15.8,17.1,17.2,24.9,25,27.5,27.6,"INSERT INTO `tbl_weight_for_length_2`(`length`, `severely_wasted`, `wasted_from`, `wasted_to`, `normal_from`, `normal_to`, `overweight_from`, `overweight_to`, `obese`) VALUES ('116','15.9','16','17.3','17.4','25.1','25.2','27.8','27.9');"
116,15.9,16,17.3,17.4,25.1,25.2,27.8,27.9,"INSERT INTO `tbl_weight_for_length_2`(`length`, `severely_wasted`, `wasted_from`, `wasted_to`, `normal_from`, `normal_to`, `overweight_from`, `overweight_to`, `obese`) VALUES ('116.5','16','16.1','17.4','17.5','25.4','25.5','28','28.1');"
116.5,16,16.1,17.4,17.5,25.4,25.5,28,28.1,"INSERT INTO `tbl_weight_for_length_2`(`length`, `severely_wasted`, `wasted_from`, `wasted_to`, `normal_from`, `normal_to`, `overweight_from`, `overweight_to`, `obese`) VALUES ('117','16.1','16.2','17.6','17.7','25.6','25.7','28.3','28.4');"
117,16.1,16.2,17.6,17.7,25.6,25.7,28.3,28.4,"INSERT INTO `tbl_weight_for_length_2`(`length`, `severely_wasted`, `wasted_from`, `wasted_to`, `normal_from`, `normal_to`, `overweight_from`, `overweight_to`, `obese`) VALUES ('117.5','16.3','16.4','17.8','17.9','25.9','26','28.6','28.7');"
117.5,16.3,16.4,17.8,17.9,25.9,26,28.6,28.7,"INSERT INTO `tbl_weight_for_length_2`(`length`, `severely_wasted`, `wasted_from`, `wasted_to`, `normal_from`, `normal_to`, `overweight_from`, `overweight_to`, `obese`) VALUES ('118','16.4','16.5','17.9','18','26.1','26.2','28.9','29');"
118,16.4,16.5,17.9,18,26.1,26.2,28.9,29,"INSERT INTO `tbl_weight_for_length_2`(`length`, `severely_wasted`, `wasted_from`, `wasted_to`, `normal_from`, `normal_to`, `overweight_from`, `overweight_to`, `obese`) VALUES ('118.5','16.6','16.7','18.1','18.2','26.4','26.5','29.2','29.3');"
118.5,16.6,16.7,18.1,18.2,26.4,26.5,29.2,29.3,"INSERT INTO `tbl_weight_for_length_2`(`length`, `severely_wasted`, `wasted_from`, `wasted_to`, `normal_from`, `normal_to`, `overweight_from`, `overweight_to`, `obese`) VALUES ('119','16.7','16.8','18.2','18.3','26.6','26.7','29.5','29.6');"
119,16.7,16.8,18.2,18.3,26.6,26.7,29.5,29.6,"INSERT INTO `tbl_weight_for_length_2`(`length`, `severely_wasted`, `wasted_from`, `wasted_to`, `normal_from`, `normal_to`, `overweight_from`, `overweight_to`, `obese`) VALUES ('119.5','16.8','16.9','18.4','18.5','26.9','27','29.8','29.9');"
119.5,16.8,16.9,18.4,18.5,26.9,27,29.8,29.9,"INSERT INTO `tbl_weight_for_length_2`(`length`, `severely_wasted`, `wasted_from`, `wasted_to`, `normal_from`, `normal_to`, `overweight_from`, `overweight_to`, `obese`) VALUES ('120','17','17.1','18.5','18.6','27.2','27.3','30.1','30.2');"
120,17,17.1,18.5,18.6,27.2,27.3,30.1,30.2,"INSERT INTO `tbl_weight_for_length_2`(`length`, `severely_wasted`, `wasted_from`, `wasted_to`, `normal_from`, `normal_to`, `overweight_from`, `overweight_to`, `obese`) VALUES ('','','','','','','','','');"
